{"cameraMode":{"drawMode":0,"name":"Shaded","section":"Shading Mode"},"sceneLighting":false,"audioPlay":false,"sceneViewState":{"showFog":true,"showMaterialUpdate":false,"showSkybox":true,"showFlares":true,"showImageEffects":true,"showParticleSystems":true},"in2DMode":false,"pivot":{"x":60.006324768066409,"y":10.420814514160157,"z":-0.03838348388671875},"rotation":{"x":-0.2255045622587204,"y":0.08318445086479187,"z":-0.01932893507182598,"w":-0.970491886138916},"size":28.578840255737306,"orthographic":false}