{"cameraMode":{"drawMode":0,"name":"Shaded","section":"Shading Mode"},"sceneLighting":false,"audioPlay":false,"sceneViewState":{"showFog":true,"showMaterialUpdate":false,"showSkybox":true,"showFlares":true,"showImageEffects":true,"showParticleSystems":true},"in2DMode":false,"pivot":{"x":-7.5095062255859379,"y":-4.350730895996094,"z":13.180793762207032},"rotation":{"x":-0.1260768175125122,"y":0.844329297542572,"z":-0.22715193033218385,"w":-0.46863067150115969},"size":5.257884502410889,"orthographic":false}