{"cameraMode":{"drawMode":0,"name":"Shaded","section":"Shading Mode"},"sceneLighting":true,"audioPlay":false,"sceneViewState":{"showFog":true,"showMaterialUpdate":false,"showSkybox":true,"showFlares":true,"showImageEffects":true,"showParticleSystems":true},"in2DMode":false,"pivot":{"x":-0.5982440710067749,"y":-8.791824340820313,"z":11.028093338012696},"rotation":{"x":-0.2255045622587204,"y":0.08318445086479187,"z":-0.01932893507182598,"w":-0.970491886138916},"size":29.992900848388673,"orthographic":false}