{"cameraMode":{"drawMode":0,"name":"Shaded","section":"Shading Mode"},"sceneLighting":false,"audioPlay":false,"sceneViewState":{"showFog":true,"showMaterialUpdate":false,"showSkybox":true,"showFlares":true,"showImageEffects":true,"showParticleSystems":true},"in2DMode":false,"pivot":{"x":0.5143678784370422,"y":6.198989391326904,"z":0.0},"rotation":{"x":-0.36124342679977419,"y":-0.07346390187740326,"z":0.0285623911768198,"w":-0.9291343092918396},"size":23.336856842041017,"orthographic":false}