{"cameraMode":{"drawMode":0,"name":"Shaded","section":"Shading Mode"},"sceneLighting":false,"audioPlay":false,"sceneViewState":{"showFog":true,"showMaterialUpdate":false,"showSkybox":true,"showFlares":true,"showImageEffects":true,"showParticleSystems":true},"in2DMode":false,"pivot":{"x":-7.505736351013184,"y":-4.3583574295043949,"z":13.183109283447266},"rotation":{"x":-0.1260768175125122,"y":0.844329297542572,"z":-0.22715193033218385,"w":-0.46863067150115969},"size":2.8578836917877199,"orthographic":false}